nombre,apellido,partido
Elena,Montes,Partido de la Esperanza
Amparo,Ramirez,Partido de la Esperanza
Nelson,Bautista,Partido de la Esperanza
Mary,Vanegas,Partido de la Esperanza
Ana,Medina,Partido de la Esperanza
Sandra,Lopez,Partido de la Esperanza
Alberto,Silva,Partido de la Esperanza
John,Arias,Partido de la Esperanza
Marcela,Betancur,Partido de la Esperanza
Edward,Diaz,Partido de la Esperanza
Lucia,Vargas,Partido de la Esperanza
Gladys,Arango,Partido de la Esperanza
Rafael,Alvarado,Partido de la Esperanza
Cesar,Ramirez,Partido de la Esperanza
Esteban,Gonzalez,Partido de la Esperanza
Gabriel,Vanegas,Partido de la Esperanza
Felipe,Ramirez,Partido de la Esperanza
Augusto,Espinosa,Partido de la Esperanza
Jesus,Daza,Partido de la Esperanza
Carmen,Torres,Partido de la Esperanza
David,Rosero,Partido de la Esperanza
Magnolia,Quintero,Partido de la Esperanza
Maria,Torres,Partido de la Esperanza
Hernando,Cifuentes,Partido de la Esperanza
Reinaldo,Villamizar,Partido de la Esperanza
Norma,Salamanca,Partido de la Esperanza
Luisa,Burgos,Partido de la Esperanza
Marcela,Castellanos,Partido de la Esperanza
Brayan,Martinez,Partido de la Esperanza
Manuel,Barragan,Partido de la Esperanza
Antonio,Ospina,Partido de la Esperanza
Esperanza,Rodriguez,Partido de la Esperanza
Kevin,Moreno,Partido de la Esperanza
Jose,Carrillo,Partido de la Esperanza
Nicolas,Villamizar,Partido de la Esperanza
Norma,Martinez,Partido de la Esperanza
Patricia,Bernal,Partido de la Esperanza
Nora,Renteria,Partido de la Esperanza
Enrique,Ceballos,Partido de la Esperanza
Margarita,Ramos,Movimiento Verde
Luz,Rojas,Movimiento Verde
Jose,Molina,Movimiento Verde
Yohana,Bravo,Movimiento Verde
Edison,Fernandez,Movimiento Verde
Rodrigo,Perez,Movimiento Verde
David,Molina,Movimiento Verde
Viviana,Triana,Movimiento Verde
Jhon,Monsalve,Movimiento Verde
Nancy,Torres,Movimiento Verde
Sandra,Gomez,Movimiento Verde
Martha,Benavides,Movimiento Verde
Adrian,Orjuela,Movimiento Verde
Ferney,Beltran,Movimiento Verde
Alberto,Munoz,Movimiento Verde
Esperanza,Lopez,Movimiento Verde
Luz,Bustos,Movimiento Verde
Yair,Castellanos,Movimiento Verde
Ivan,Bernal,Movimiento Verde
Constanza,Ortega,Movimiento Verde
Alexander,Castillo,Movimiento Verde
Patricia,Guerra,Movimiento Verde
Javier,Guerrero,Movimiento Verde
Luis,Lopez,Movimiento Verde
Socorro,Barrios,Movimiento Verde
Jairo,Oviedo,Movimiento Verde
Fabio,Rojas,Movimiento Verde
Andres,Romero,Movimiento Verde
Omaira,Gonzalez,Movimiento Verde
Martha,Acevedo,Movimiento Verde
Diana,Zapata,Movimiento Verde
Jhon,Rico,Movimiento Verde
Martha,Gomez,Movimiento Verde
Luz,Leon,Movimiento Verde
Adriana,Gaitan,Movimiento Verde
Luis,Rincon,Movimiento Verde
Maria,Agudelo,Movimiento Verde
Jader,Bastidas,Movimiento Verde
Silvia,Martinez,Movimiento Verde
Juliana,Rios,Movimiento Verde
Carmen,Bohorquez,Movimiento Verde
Carmen,Medina,Movimiento Verde
Concepcion,Ramirez,Movimiento Verde
Evelio,Rodriguez,Movimiento Verde
Rosa,Gutierrez,Movimiento Verde
Andres,Tovar,Movimiento Verde
Daniela,Gutierrez,Movimiento Verde
Mauricio,Rodriguez,Movimiento Verde
Felipe,Arango,Movimiento Verde
Luz,Valencia,Movimiento Verde
Maria,Orozco,Movimiento Verde
Piedad,Velandia,Movimiento Verde
Alvaro,Gonzalez,Movimiento Verde
Tulio,Sanchez,Movimiento Verde
Claudia,Chacon,Movimiento Verde
Maria,Garcia,Movimiento Verde
Gloria,Rodriguez,Movimiento Verde
Esther,Florez,Movimiento Verde
Luis,Gonzalez,Movimiento Verde
Guillermo,Montenegro,Movimiento Verde
Mariana,Mendoza,Movimiento Verde
Antonio,Arias,Movimiento Verde
Carol,Rodriguez,Movimiento Verde
Luz,Daza,Movimiento Verde
Maria,Jimenez,Alianza Indígena
Martha,Palacio,Alianza Indígena
Orlando,Lopez,Alianza Indígena
Libardo,Beltran,Alianza Indígena
Claudia,Sanchez,Alianza Indígena
Martin,Silva,Alianza Indígena
Oscar,Munoz,Alianza Indígena
Miguel,Duarte,Alianza Indígena
Elkin,Romero,Alianza Indígena
Maria,Ramirez,Alianza Indígena
Rodrigo,Rivera,Alianza Indígena
Carlos,Morales,Alianza Indígena
Yessica,Sanchez,Alianza Indígena
Adriana,Correa,Alianza Indígena
Marcela,Henao,Alianza Indígena
Liliana,Paez,Alianza Indígena
Cristina,Ramirez,Alianza Indígena
Edwin,Ortega,Alianza Indígena
Jose,Rojas,Alianza Indígena
Victor,Bautista,Alianza Indígena
Michael,Franco,Alianza Indígena
Aura,Caballero,Alianza Indígena
Esther,Diaz,Alianza Indígena
Luz,Carrillo,Alianza Indígena
Carlos,Gomez,Alianza Indígena
Jair,Angulo,Alianza Indígena
Vilma,Mena,Alianza Indígena
Jesus,Torres,Coalición Ciudadana
Judith,Bastidas,Coalición Ciudadana
Daniel,Rodriguez,Coalición Ciudadana
Virginia,Agudelo,Coalición Ciudadana
Sandra,Carrillo,Coalición Ciudadana
Jessica,Marin,Coalición Ciudadana
Gabriel,Ordonez,Coalición Ciudadana
Rafael,Cardona,Coalición Ciudadana
Sofia,Santos,Coalición Ciudadana
Julieth,Perez,Coalición Ciudadana
Luis,Rodriguez,Coalición Ciudadana
Angie,Granados,Coalición Ciudadana
Amparo,Cabrera,Coalición Ciudadana
Josefina,Pena,Coalición Ciudadana
Fanny,Salcedo,Coalición Ciudadana
Antonio,Velandia,Coalición Ciudadana
Carmenza,Rivera,Coalición Ciudadana
Martha,Lopez,Coalición Ciudadana
Alejandro,Acosta,Coalición Ciudadana
Jorge,Beltran,Coalición Ciudadana
Alberto,Toro,Coalición Ciudadana
Diego,Blanco,Coalición Ciudadana
Cecilia,Avila,Coalición Ciudadana
Angela,Franco,Coalición Ciudadana
Kevin,Pinzon,Coalición Ciudadana
Beatriz,Lopez,Coalición Ciudadana
Edith,Castro,Coalición Ciudadana
Mariela,Cardona,Coalición Ciudadana
Sonia,Osorio,Coalición Ciudadana
Sergio,Ochoa,Coalición Ciudadana
Gabriel,Munoz,Coalición Ciudadana
Maria,Castellanos,Coalición Ciudadana
Daniela,Giraldo,Coalición Ciudadana
Miguel,Estrada,Coalición Ciudadana
Yenny,Guerrero,Coalición Ciudadana
Jose,Rodriguez,Coalición Ciudadana
Joan,Zapata,Coalición Ciudadana
Alberto,Arias,Coalición Ciudadana
Myriam,Rodriguez,Coalición Ciudadana
David,Rangel,Coalición Ciudadana
Julia,Ortiz,Coalición Ciudadana
Monica,Velasco,Coalición Ciudadana
Juan,Castano,Coalición Ciudadana
Hernan,Buitrago,Coalición Ciudadana
Luis,Perez,Coalición Ciudadana
Natalia,Castellanos,Coalición Ciudadana
Marlene,Angel,Coalición Ciudadana
Leider,Gomez,Coalición Ciudadana
Maritza,Hernandez,Coalición Ciudadana
Alba,Rodriguez,Coalición Ciudadana
Paola,Sanabria,Coalición Ciudadana
Paola,Polo,Coalición Ciudadana
Jose,Vera,Coalición Ciudadana
Jose,Ruiz,Coalición Ciudadana
Santiago,Garcia,Coalición Ciudadana
Fabiola,Lopez,Coalición Ciudadana
Graciela,Rivera,Coalición Ciudadana
Yolima,Rodriguez,Coalición Ciudadana
Patricia,Jaramillo,Coalición Ciudadana
Cesar,Alvarez,Coalición Ciudadana
Ana,Gutierrez,Coalición Ciudadana
Luz,Estrada,Coalición Ciudadana
Rocio,Bravo,Coalición Ciudadana
Maria,Parada,Coalición Ciudadana
Monica,Trujillo,Coalición Ciudadana
Marina,Sanchez,Coalición Ciudadana
Luis,Ramirez,Coalición Ciudadana
Sebastian,Diaz,Coalición Ciudadana
Diana,Lopez,Coalición Ciudadana
Elena,Pena,Coalición Ciudadana
Claudia,Mena,Coalición Ciudadana
Andres,Gomez,Coalición Ciudadana
Vanesa,Cuesta,Coalición Ciudadana
Valentina,Ayala,Coalición Ciudadana
Eliecer,Guevara,Coalición Ciudadana
Alexander,Posada,Coalición Ciudadana
Ivan,Ramirez,Coalición Ciudadana
Ivan,Rodriguez,Coalición Ciudadana
Julia,Puentes,Coalición Ciudadana
Luis,Lopez,Coalición Ciudadana
Oscar,Manrique,Coalición Ciudadana
Victor,Gonzalez,Coalición Ciudadana
Milena,Gonzalez,Coalición Ciudadana
Daniel,Arias,Partido Futuro
Wilder,Morales,Partido Futuro
Elisa,Lopez,Partido Futuro
Yolanda,Mendoza,Partido Futuro
Carlos,Santos,Partido Futuro
Liceth,Quintero,Partido Futuro
Vanessa,Castillo,Partido Futuro
Karen,Rueda,Partido Futuro
Alexander,Paez,Partido Futuro
Margarita,Castro,Partido Futuro
Andres,Ramirez,Partido Futuro
Alejandro,Lopez,Partido Futuro
Danna,Gomez,Partido Futuro
Nayibe,Garcia,Partido Futuro
Rosa,Castaneda,Partido Futuro
Mauricio,Bustos,Partido Futuro
Diana,Henao,Partido Futuro
Andrea,Bravo,Partido Futuro
Lucero,Rojas,Partido Futuro
Oswaldo,Martinez,Partido Futuro
Mary,Campo,Partido Futuro
Juan,Martinez,Partido Futuro
Edilma,Velez,Partido Futuro
Johanna,Calderon,Partido Futuro
Mary,Cuellar,Partido Futuro
Alberto,Lopez,Partido Futuro
Elisa,Erazo,Partido Futuro
Angie,Ortega,Partido Futuro
Gloria,Rengifo,Partido Futuro
Diego,Sanchez,Partido Futuro
Sandra,Cabrera,Partido Futuro
Leonor,Jimenez,Partido Futuro
Andres,Diaz,Partido Futuro
Libardo,Hernandez,Partido Futuro
Wilman,Martinez,Partido Futuro
Angie,Duran,Partido Futuro
Eduardo,Erazo,Partido Futuro
Javier,Bernal,Partido Futuro
Cesar,Hernandez,Partido Futuro
Manuel,Molina,Partido Futuro
Jenny,Ruiz,Partido Futuro
Ines,Valderrama,Partido Futuro
Raul,Parra,Partido Futuro
Diana,Molina,Partido Futuro
Luis,Suarez,Partido Futuro
Lucia,Alvarez,Partido Futuro
Ivan,Alvarez,Partido Futuro
Zulma,Gomez,Partido Futuro
Alex,Alzate,Partido Futuro
Ingrid,Giraldo,Partido Futuro
Maria,Herrera,Partido Futuro
Francisco,Alzate,Partido Futuro
Ruby,Cardenas,Partido Futuro
Hugo,Herrera,Partido Futuro
Patricia,Velez,Partido Futuro
Leidy,Campo,Partido Futuro
Natalia,Parra,Partido Futuro
Patricia,Restrepo,Partido Futuro
Luis,Vargas,Partido Futuro
Beatriz,Orozco,Partido Futuro
Leonardo,Carrillo,Partido Futuro
Mariela,Lara,Partido Futuro
Alonso,Quintero,Partido Futuro
Franco,Forero,Partido Futuro
Antonio,Mendoza,Partido Futuro
Maria,Ceron,Partido Futuro
Lilia,Cruz,Partido Futuro
Nora,Benitez,Partido Futuro
Edison,Vasquez,Partido Futuro
Jaime,Ortiz,Partido Futuro
Hernando,Bernal,Partido Futuro
Mabel,Perez,Partido Futuro
German,Velandia,Partido Futuro
Elena,Rodriguez,Partido Futuro
Jhonatan,Trujillo,Partido Futuro
Fabian,Hernandez,Partido Futuro
Patricia,Hurtado,Partido Futuro
Ana,Arteaga,Partido Futuro
Jorge,Rodriguez,Partido Futuro
Amparo,Sanchez,Partido Futuro
Alejandra,Florez,Partido Futuro
Alejandro,Velez,Partido Futuro
Milena,Sierra,Partido Futuro
Hernan,Garcia,Partido Futuro
Julio,Gonzalez,Partido Futuro
Wilson,Caicedo,Partido Futuro
Oswaldo,Padilla,Alianza Democrática
Maria,Ortega,Alianza Democrática
Diana,Moreno,Alianza Democrática
Yasmin,Montenegro,Alianza Democrática
Patricia,Sanchez,Alianza Democrática
Valentina,Vanegas,Alianza Democrática
Maria,Gomez,Alianza Democrática
Juana,Angarita,Alianza Democrática
Jhon,Morales,Alianza Democrática
Jaime,Pena,Alianza Democrática
Lucy,Murcia,Alianza Democrática
Maria,Meza,Alianza Democrática
Angelica,Soto,Alianza Democrática
Adrian,Silva,Alianza Democrática
Dora,Gomez,Alianza Democrática
Leydi,Ocampo,Alianza Democrática
Maria,Alarcon,Alianza Democrática
Alfonso,Estrada,Alianza Democrática
Camilo,Ramos,Alianza Democrática
Antonio,Ramos,Alianza Democrática
Dairo,Herrera,Alianza Democrática
Martha,Castro,Alianza Democrática
Rosa,Suarez,Alianza Democrática
Jose,Bedoya,Alianza Democrática
Isabel,Beltran,Alianza Democrática
Daniel,Martinez,Alianza Democrática
Lorena,Arteaga,Alianza Democrática
Daniel,Garcia,Alianza Democrática
Marcela,Hernandez,Alianza Democrática
Juliana,Alzate,Alianza Democrática
Carlos,Acosta,Alianza Democrática
Elena,Torres,Alianza Democrática
Oscar,Palacios,Alianza Democrática
Luisa,Gomez,Alianza Democrática
Javier,Calderon,Alianza Democrática
Dany,Chavez,Alianza Democrática
Nelcy,Villegas,Alianza Democrática
Elena,Rivas,Alianza Democrática
Andres,Loaiza,Alianza Democrática
Miriam,Oviedo,Alianza Democrática
Ines,Velasquez,Alianza Democrática
Rocio,Suarez,Alianza Democrática
Stella,Rivera,Alianza Democrática
Patricia,Guerrero,Alianza Democrática
Estella,Mora,Alianza Democrática
Juan,Londono,Alianza Democrática
Angel,Gaviria,Alianza Democrática
Linda,Lozano,Alianza Democrática
Maria,Diaz,Alianza Democrática
Adriana,Chaparro,Alianza Democrática
Carolina,Reyes,Alianza Democrática
Astrid,Navarro,Alianza Democrática
Luis,Sanchez,Alianza Democrática
Lady,Perea,Alianza Democrática
Alba,Cordoba,Alianza Democrática
Alberto,Martinez,Alianza Democrática
Nelly,Guevara,Alianza Democrática
Cecilia,Ballesteros,Alianza Democrática
Ana,Valderrama,Alianza Democrática
Dario,Romero,Alianza Democrática
Oscar,Pineda,Alianza Democrática
Samir,Vanegas,Alianza Democrática
Angie,Medina,Alianza Democrática
Martha,Martinez,Alianza Democrática
Mery,Ardila,Alianza Democrática
Jose,Garcia,Alianza Democrática
Ivan,Ayala,Alianza Democrática
Amparo,Pardo,Alianza Democrática
Andrea,Rios,Alianza Democrática
Humberto,Quintero,Alianza Democrática
Andres,Gomez,Alianza Democrática
Jhoana,Salas,Alianza Democrática
Ronald,Sandoval,Alianza Democrática
Yuliana,Maldonado,Alianza Democrática
Ernesto,Bohorquez,Alianza Democrática
Alexandra,Guzman,Alianza Democrática
Valentina,Corredor,Alianza Democrática
Alberto,Bastidas,Alianza Democrática
Alexander,Navarro,Alianza Democrática
Wilfredo,Torres,Alianza Democrática
Enrique,Rodriguez,Alianza Democrática
Monica,Torres,Alianza Democrática
Luis,Daza,Alianza Democrática
Maria,Lopez,Alianza Democrática
Yesenia,Sanchez,Partido Popular
Jose,Pena,Partido Popular
Henry,Alvarez,Partido Popular
Henry,Uribe,Partido Popular
Andres,Delgado,Partido Popular
Jose,Salcedo,Partido Popular
Samuel,Ramirez,Partido Popular
Harold,Rojas,Partido Popular
Santiago,Vasquez,Partido Popular
Oscar,Munoz,Partido Popular
Yina,Buitrago,Partido Popular
Carlos,Diaz,Partido Popular
Daniela,Guerrero,Partido Popular
Steven,Ruiz,Partido Popular
Angelica,Barrios,Partido Popular
Harold,Sandoval,Partido Popular
Sara,Jimenez,Partido Popular
Lina,Palacios,Partido Popular
Laura,Murcia,Partido Popular
Segundo,Roa,Partido Popular
Orlando,Paez,Partido Popular
Doris,Bonilla,Partido Popular
Samuel,Marin,Partido Popular
Juan,Vargas,Partido Popular
Carlos,Delgado,Partido Popular
Gloria,Ochoa,Partido Popular
Jose,Pena,Partido Popular
Milena,Bedoya,Partido Popular
Viviana,Franco,Partido Popular
Karol,Diaz,Partido Popular
Jaime,Rosero,Partido Popular
Andrea,Vega,Partido Popular
Milena,Diaz,Partido Popular
Delia,Cordoba,Partido Popular
Cesar,Paez,Partido Popular
Yaneth,Sierra,Partido Popular
Carmen,Velandia,Partido Popular
Liliana,Rengifo,Partido Popular
Angel,Torres,Partido Popular
Javier,Castro,Partido Popular
Nelcy,Marin,Partido Popular
Luz,Guevara,Partido Popular
Wilson,Cortes,Partido Popular
Enrique,Jaimes,Partido Popular
Maritza,Hoyos,Partido Popular
Alberto,Salas,Partido Popular
Tulio,Salas,Partido Popular
Alcides,Monroy,Partido Popular
Juan,Morales,Partido Popular
Angelica,Vargas,Partido Popular
Alfonso,Hoyos,Partido Popular
Enrique,Ramirez,Partido Popular
Alberto,Romero,Partido Popular
Patricia,Monroy,Partido Popular
Jose,Orozco,Partido Popular
Edgar,Vega,Partido Popular
Amparo,Restrepo,Movimiento Solidario
Alcides,Hoyos,Movimiento Solidario
Horacio,Ortiz,Movimiento Solidario
Edison,Mena,Movimiento Solidario
Eduardo,Bernal,Movimiento Solidario
Dario,Rueda,Movimiento Solidario
Manuel,Suarez,Movimiento Solidario
Adela,Gutierrez,Movimiento Solidario
Hector,Lopez,Movimiento Solidario
Simon,Mendoza,Movimiento Solidario
Claudia,Vega,Movimiento Solidario
Alexis,Hurtado,Movimiento Solidario
Carmen,Rivera,Movimiento Solidario
Francisco,Torres,Movimiento Solidario
Raquel,Jimenez,Movimiento Solidario
Johan,Guzman,Movimiento Solidario
Alberto,Gutierrez,Movimiento Solidario
Yuli,Arteaga,Movimiento Solidario
Monica,Ospina,Movimiento Solidario
Luz,Gomez,Movimiento Solidario
Ruth,Florez,Movimiento Solidario
Andrea,Vargas,Movimiento Solidario
Jhon,Munoz,Movimiento Solidario
Yenny,Arboleda,Movimiento Solidario
Natalia,Anaya,Movimiento Solidario
Jhon,Lopez,Movimiento Solidario
Ana,Pena,Movimiento Solidario
Samuel,Arango,Movimiento Solidario
Carlos,Valencia,Movimiento Solidario
Ricardo,Quintero,Movimiento Solidario
Ana,Beltran,Movimiento Solidario
Kelly,Sanchez,Movimiento Solidario
Maria,Sanchez,Movimiento Solidario
Esperanza,Ocampo,Movimiento Solidario
Norma,Hernandez,Movimiento Solidario
Maria,Sanchez,Movimiento Solidario
Jesus,Rincon,Movimiento Solidario
Mauricio,Hoyos,Movimiento Solidario
Jose,Ortiz,Movimiento Solidario
Juan,Lopez,Movimiento Solidario
German,Rodriguez,Movimiento Solidario
Carlos,Molano,Movimiento Solidario
Sonia,Medina,Movimiento Solidario
Julio,Lopez,Movimiento Solidario
Angela,Rico,Movimiento Solidario
Eliana,Duque,Movimiento Solidario
Luis,Quintero,Movimiento Solidario
Wendy,Giraldo,Movimiento Solidario
Angel,Uribe,Movimiento Solidario
Olga,Mendoza,Movimiento Solidario
Orlando,Lopez,Movimiento Solidario
Claudia,Escobar,Movimiento Solidario
Cecilia,Gomez,Movimiento Solidario
Dario,Perez,Movimiento Solidario
Hernan,Bolanos,Movimiento Solidario
Estela,Giraldo,Movimiento Solidario
Amparo,Tovar,Movimiento Solidario
Yuliana,Quintero,Movimiento Solidario
Hector,Hoyos,Movimiento Solidario
Ingrid,Renteria,Movimiento Solidario
Edison,Daza,Movimiento Solidario
Jesus,Ortiz,Movimiento Solidario
Walter,Guevara,Movimiento Solidario
Julio,Cardona,Movimiento Solidario
Ricardo,Arroyo,Movimiento Solidario
Miguel,Bautista,Movimiento Solidario
Carlos,Martinez,Movimiento Solidario
Alfonso,Henao,Movimiento Solidario
Jose,Contreras,Movimiento Solidario
Ricardo,Torres,Movimiento Solidario
Adolfo,Vega,Movimiento Solidario
Carlos,Morales,Movimiento Solidario
Alberto,Chaparro,Movimiento Solidario
Rafael,Martinez,Movimiento Solidario
Camila,Portilla,Movimiento Solidario
Yamile,Cardozo,Movimiento Solidario
Diego,Gutierrez,Movimiento Solidario
Sandra,Galeano,Movimiento Solidario
Marcela,Martinez,Movimiento Solidario
Jose,Moreno,Movimiento Solidario
Martha,Hoyos,Movimiento Solidario
Andrea,Sanchez,Movimiento Solidario
Maria,Rojas,Movimiento Solidario
Guillermo,Montes,Movimiento Solidario
Oscar,Guzman,Movimiento Solidario
Luis,Bolanos,Movimiento Solidario
Maria,Lopez,Frente Liberal
Octavio,Cifuentes,Frente Liberal
Leon,Perea,Frente Liberal
Tania,Velandia,Frente Liberal
Luz,Ortega,Frente Liberal
Brian,Rodriguez,Frente Liberal
Jose,Hernandez,Frente Liberal
Marleny,Jimenez,Frente Liberal
Carlos,Padilla,Frente Liberal
Yesid,Rendon,Frente Liberal
Maria,Martinez,Frente Liberal
Paola,Rueda,Frente Liberal
Leonardo,Herrera,Frente Liberal
Cielo,Martinez,Frente Liberal
Maria,Forero,Frente Liberal
Luis,Becerra,Frente Liberal
Jose,Mejia,Frente Liberal
Maria,Rincon,Frente Liberal
David,Palacios,Frente Liberal
Daniel,Pabon,Frente Liberal
Julia,Mosquera,Frente Liberal
Agustin,Paz,Frente Liberal
Jose,Gonzalez,Frente Liberal
Jorge,Guerrero,Frente Liberal
Eduardo,Rios,Frente Liberal
Javier,Gamboa,Frente Liberal
Camilo,Salazar,Frente Liberal
Giovanny,Acevedo,Frente Liberal
Angela,Barrera,Frente Liberal
Jairo,Pineda,Frente Liberal
Arturo,Gil,Frente Liberal
Jose,Bernal,Frente Liberal
Antonio,Moreno,Frente Liberal
Miguel,Acosta,Frente Liberal
Dario,Mesa,Frente Liberal
Yulieth,Rodriguez,Frente Liberal
Carlos,Contreras,Frente Liberal
Rocio,Herrera,Frente Liberal
Fabian,Rangel,Frente Liberal
Angel,Dominguez,Frente Liberal
Andres,Yepes,Frente Liberal
Nubia,Lopez,Frente Liberal
Kevin,Garcia,Frente Liberal
Pedro,Rojas,Frente Liberal
Amanda,Torres,Frente Liberal
Clara,Ortiz,Frente Liberal
Andres,Torres,Frente Liberal
Doris,Delgado,Frente Liberal
Piedad,Morales,Frente Liberal
Arturo,Perez,Frente Liberal
Alfonso,Lopez,Frente Liberal
Maria,Ruiz,Frente Liberal
Jean,Cortes,Frente Liberal
Manuel,Moreno,Frente Liberal
Camilo,Orozco,Frente Liberal
Maria,Rojas,Frente Liberal
Carlos,Daza,Frente Liberal
Arturo,Gonzalez,Frente Liberal
Richard,Loaiza,Frente Liberal
Karina,Caicedo,Frente Liberal
Luis,Diaz,Frente Liberal
Maria,Valderrama,Frente Liberal
Maria,Gonzalez,Frente Liberal
Mauricio,Rodriguez,Frente Liberal
Eliecer,Benavides,Frente Liberal
Catherine,Rodriguez,Frente Liberal
Alejandra,Ordonez,Frente Liberal
Alberto,Mora,Frente Liberal
David,Alvarez,Frente Liberal
Jose,Cruz,Frente Liberal
Gloria,Gutierrez,Frente Liberal
Yasmin,Obando,Frente Liberal
Claudia,Pena,Frente Liberal
Diana,Hoyos,Frente Liberal
Blanca,Acosta,Frente Liberal
Maria,Montoya,Frente Liberal
Olga,Bernal,Frente Liberal
Yesenia,Pacheco,Frente Liberal
Diego,Quiroz,Frente Liberal
Andrea,Londono,Frente Liberal
Danna,Gaitan,Frente Liberal
Oscar,Rojas,Frente Liberal
Angela,Patino,Frente Liberal
Alba,Rincon,Frente Liberal
Eduar,Perez,Frente Liberal
Fabiola,Ardila,Frente Liberal
Wilson,Benavides,Frente Liberal
Alexandra,Zapata,Frente Liberal
Cristian,Torres,Frente Liberal
Fredy,Agudelo,Frente Liberal
Ignacio,Florez,Frente Liberal
Cecilia,Suarez,Frente Liberal
Astrid,Ocampo,Frente Liberal
Maria,Diaz,Frente Liberal
Yazmin,Moreno,Frente Liberal
Jose,Rodriguez,Frente Liberal
Angela,Sanchez,Frente Liberal
Cesar,Caicedo,Frente Liberal
Patricia,Meneses,Frente Liberal
Cristina,Rincon,Frente Liberal
Freddy,Cantillo,Frente Liberal
Angel,Cano,Frente Liberal
Andres,Romero,Frente Liberal
Cecilia,Castro,Frente Liberal
Felipe,Zapata,Frente Liberal
Carmen,Agudelo,Frente Liberal
Kevin,Ramirez,Frente Liberal
Alexander,Castro,Frente Liberal
Salvador,Gaitan,Frente Liberal
Mateo,Chavez,Frente Liberal
Eliecer,Jimenez,Frente Liberal
Jessica,Beltran,Frente Liberal
Fernanda,Garcia,Frente Liberal
Maria,Parra,Frente Liberal
Carlos,Ramirez,Frente Liberal
Jesus,Restrepo,Frente Liberal
Juan,Blanco,Frente Liberal
Julio,Garces,Frente Liberal
Cesar,Bermudez,Frente Liberal
Tatiana,Franco,Frente Liberal
Deisy,Bedoya,Frente Liberal
Jonathan,Herrera,Frente Liberal
Aura,Parra,Frente Liberal
Mario,Guerrero,Frente Liberal
Leidy,Serna,Frente Liberal
Augusto,Ospina,Frente Liberal
Alejandro,Lopez,Frente Liberal
Stella,Campo,Frente Liberal
Jose,Romero,Frente Liberal
Stella,Narvaez,Frente Liberal
Daniel,Fuentes,Frente Liberal
Nubia,Sanchez,Frente Liberal
Cesar,Martinez,Frente Liberal
Gustavo,Nino,Frente Liberal
Fernando,Vega,Frente Liberal
Judith,Alarcon,Frente Liberal
Fernando,Castillo,Frente Liberal
Andrea,Gallego,Frente Liberal
Laura,Morales,Frente Liberal
Carlos,Osorio,Frente Liberal
Rosa,Pardo,Frente Liberal
Yaneth,Rojas,Frente Liberal
Paola,Bernal,Frente Liberal
Jesus,Valencia,Frente Liberal
Milena,Lopez,Frente Liberal
Elisa,Perez,Frente Liberal
Raquel,Escobar,Frente Liberal
Antonio,Orjuela,Frente Liberal
Maria,Herrera,Frente Liberal
Rafael,Rodriguez,Frente Liberal
Maria,Sierra,Frente Liberal
Viviana,Rodriguez,Frente Liberal
Isabel,Mejia,Unión Nacional
Paola,Marin,Unión Nacional
Ligia,Prieto,Unión Nacional
Margarita,Galeano,Unión Nacional
Luis,Gonzalez,Unión Nacional
Javier,Gonzalez,Unión Nacional
Wilson,Ospina,Unión Nacional
Lucia,Alvarez,Unión Nacional
Isabel,Sarmiento,Unión Nacional
Leonor,Romero,Unión Nacional
Gustavo,Romero,Unión Nacional
William,Suarez,Unión Nacional
Hernan,Alvarez,Unión Nacional
Jhon,Mantilla,Unión Nacional
Gloria,Ortiz,Unión Nacional
Diana,Obando,Unión Nacional
Alcira,Moreno,Unión Nacional
Maria,Triana,Unión Nacional
Sergio,Caballero,Unión Nacional
Kelly,Sepulveda,Unión Nacional
Jesus,Rojas,Unión Nacional
Karen,Agudelo,Unión Nacional
Yadira,Buitrago,Unión Nacional
Ibeth,Correa,Unión Nacional
Eduardo,Morales,Unión Nacional
Yasmin,Gomez,Unión Nacional
Julia,Buitrago,Unión Nacional
Antonio,Lopez,Unión Nacional
Cecilia,Velasquez,Unión Nacional
Jorge,Cordoba,Unión Nacional
Daniel,Salcedo,Unión Nacional
Gloria,Vasquez,Unión Nacional
Ruby,Hernandez,Unión Nacional
Andres,Martinez,Unión Nacional
Jose,Munoz,Unión Nacional
Eugenia,Bustamante,Unión Nacional
Miguel,Vargas,Unión Nacional
Nidia,Yepes,Unión Nacional
Olga,Narvaez,Unión Nacional
Edilson,Sierra,Unión Nacional
Elizabeth,Torres,Unión Nacional
William,Gutierrez,Unión Nacional
Doris,Ordonez,Unión Nacional
Patricia,Cardenas,Unión Nacional
Cristian,Cardona,Unión Nacional
Jesus,Nunez,Unión Nacional
Laura,Valencia,Unión Nacional
Mauricio,Correa,Unión Nacional
Alejandra,Gomez,Unión Nacional
Francisco,Carrillo,Unión Nacional
Hernando,Cano,Unión Nacional
Juan,Calderon,Unión Nacional
Patricia,Arias,Unión Nacional
Luz,Sandoval,Unión Nacional
Margarita,Ramirez,Unión Nacional
Yesid,Sandoval,Unión Nacional
Carlos,Delgado,Unión Nacional
Juan,Giraldo,Unión Nacional
Mireya,Torres,Unión Nacional
Elkin,Rodriguez,Unión Nacional
Sandra,Velandia,Unión Nacional
Gregorio,Hoyos,Unión Nacional
Sara,Guerra,Unión Nacional
Humberto,Gutierrez,Unión Nacional
Milena,Romero,Unión Nacional
Franco,Ramos,Unión Nacional
Fernando,Barragan,Unión Nacional
Luis,Sanchez,Unión Nacional
Sergio,Sanchez,Unión Nacional
Alejandro,Martinez,Unión Nacional
Sandra,Serna,Unión Nacional
Marcela,Jimenez,Unión Nacional
Luz,Delgado,Unión Nacional
Mauricio,Narvaez,Unión Nacional
Gustavo,Guevara,Unión Nacional
Ana,Narvaez,Unión Nacional
Andrea,Carvajal,Unión Nacional
Juan,Hernandez,Unión Nacional
Milena,Agudelo,Unión Nacional
Blanca,Ramirez,Unión Nacional
Rodolfo,Buitrago,Unión Nacional
Diana,Alzate,Unión Nacional
Beatriz,Torres,Unión Nacional
Alfonso,Garcia,Unión Nacional
Jose,Florez,Unión Nacional
Alberto,Torres,Unión Nacional
Martha,Orozco,Unión Nacional
Laura,Ceballos,Unión Nacional
Beatriz,Diaz,Unión Nacional
Cecilia,Buitrago,Unión Nacional
Javier,Hernandez,Unión Nacional
Armando,Velasquez,Unión Nacional
Beatriz,Vargas,Unión Nacional
Silvia,Munoz,Unión Nacional
Ingrid,Pena,Unión Nacional
Dario,Molina,Unión Nacional
Estella,Guerrero,Unión Nacional
Carlos,Vargas,Unión Nacional
Alberto,Gomez,Unión Nacional
Elvira,Avila,Unión Nacional
Cecilia,Cardona,Unión Nacional
Paulina,Silva,Unión Nacional
Hernando,Garzon,Unión Nacional
Luz,Perea,Unión Nacional
Sandra,Murcia,Unión Nacional
Antonio,Gomez,Unión Nacional
Dario,Hernandez,Unión Nacional
Yesid,Sanchez,Unión Nacional
Nohora,Parra,Unión Nacional
Milena,Bohorquez,Unión Nacional
Luis,Gomez,Unión Nacional
Juliana,Romero,Unión Nacional
Jorge,Medina,Unión Nacional
Lina,Perea,Voz Ciudadana
Luis,Galindo,Voz Ciudadana
Diego,Barreto,Voz Ciudadana
Gladys,Herrera,Voz Ciudadana
David,Caballero,Voz Ciudadana
Lucy,Jaimes,Voz Ciudadana
Maria,Sanchez,Voz Ciudadana
Aleida,Sanabria,Voz Ciudadana
Yaneth,Agudelo,Voz Ciudadana
Maria,Rosero,Voz Ciudadana
Luz,Medina,Voz Ciudadana
Hernando,Mora,Voz Ciudadana
Jose,Sanchez,Voz Ciudadana
Luz,Galindo,Voz Ciudadana
Vanesa,Campo,Voz Ciudadana
Adolfo,Garcia,Voz Ciudadana
Alberto,Alvarado,Voz Ciudadana
Jonathan,Hernandez,Voz Ciudadana
Eliecer,Cortes,Voz Ciudadana
Andres,Alarcon,Voz Ciudadana
Daniel,Hernandez,Voz Ciudadana
Angel,Castro,Voz Ciudadana
Geraldine,Guerrero,Voz Ciudadana
Elizabeth,Vergara,Voz Ciudadana
Cecilia,Herrera,Voz Ciudadana
Nubia,Mercado,Voz Ciudadana
Helena,Espitia,Voz Ciudadana
Oscar,Camargo,Voz Ciudadana
Arturo,Ramirez,Voz Ciudadana
Cecilia,Ramirez,Voz Ciudadana
Laura,Mejia,Voz Ciudadana
Flor,Perez,Voz Ciudadana
Pablo,Ramirez,Voz Ciudadana
Andres,Bernal,Voz Ciudadana
Cecilia,Sarmiento,Voz Ciudadana
Gladis,Calderon,Voz Ciudadana
Antonia,Garcia,Voz Ciudadana
Elvira,Sarmiento,Voz Ciudadana
Rosa,Restrepo,Voz Ciudadana
Sandra,Medina,Voz Ciudadana
Andres,Palacios,Voz Ciudadana
Yina,Lozano,Voz Ciudadana
Karen,Leal,Voz Ciudadana
Sandra,Garces,Voz Ciudadana
Francia,Alvarez,Voz Ciudadana
Juan,Aguirre,Voz Ciudadana
Gilberto,Torres,Voz Ciudadana
Diana,Lopez,Voz Ciudadana
Camila,Mora,Voz Ciudadana
Marina,Triana,Voz Ciudadana
Jorge,Leal,Voz Ciudadana
Alberto,Ramirez,Voz Ciudadana
Fabian,Benavides,Voz Ciudadana
Monica,Montenegro,Voz Ciudadana
Junior,Arteaga,Voz Ciudadana
Rosa,Cano,Voz Ciudadana
David,Hernandez,Voz Ciudadana
Alexander,Mejia,Voz Ciudadana
Laura,Loaiza,Voz Ciudadana
Patricia,Cardona,Voz Ciudadana
Dayana,Diaz,Voz Ciudadana
Alexander,Martinez,Voz Ciudadana
Victor,Barbosa,Voz Ciudadana
Paola,Gomez,Voz Ciudadana
Alexander,Barrios,Voz Ciudadana
Alberto,Agudelo,Voz Ciudadana
Andres,Cardona,Voz Ciudadana
Rafael,Becerra,Voz Ciudadana
Rosa,Palacios,Voz Ciudadana
Doris,Aguilar,Voz Ciudadana
Antonio,Ballesteros,Voz Ciudadana
Jhon,Hernandez,Voz Ciudadana
Alexander,Fuentes,Voz Ciudadana
Claudia,Narvaez,Voz Ciudadana
Carolina,Sanchez,Voz Ciudadana
Santos,Gutierrez,Voz Ciudadana
Antonio,Melo,Voz Ciudadana
Leidy,Pineda,Voz Ciudadana
Carolina,Acosta,Voz Ciudadana
Mario,Castaneda,Voz Ciudadana
Eduardo,Alvarez,Voz Ciudadana
Sara,Pena,Voz Ciudadana
Paola,Sanchez,Voz Ciudadana
Daniela,Hernandez,Voz Ciudadana
Lorenzo,Torres,Alianza Social
Gloria,Bejarano,Alianza Social
Lilian,Martinez,Alianza Social
Milena,Hurtado,Alianza Social
Dario,Guerra,Alianza Social
Andres,Pinto,Alianza Social
Yuliana,Perez,Alianza Social
Miguel,Jimenez,Alianza Social
Nicolas,Arrieta,Alianza Social
Sonia,Serrano,Alianza Social
Diego,Gonzalez,Alianza Social
Claudia,Munoz,Alianza Social
Liliana,Hernandez,Alianza Social
Anderson,Guerra,Alianza Social
Fernando,Barrera,Alianza Social
Jeison,Gonzalez,Alianza Social
Ivan,Guevara,Alianza Social
Jose,Caicedo,Alianza Social
Ingrid,Mosquera,Alianza Social
Nathalia,Villa,Alianza Social
Angela,Garcia,Alianza Social
Leticia,Estrada,Alianza Social
Angelica,Mesa,Alianza Social
Maria,Perez,Alianza Social
Hernan,Arteaga,Alianza Social
Edwin,Lara,Alianza Social
Diego,Serrano,Alianza Social
Alejandra,Garcia,Alianza Social
Antonio,Rojas,Alianza Social
Alfredo,Rivera,Alianza Social
Myriam,Sanabria,Alianza Social
Alberto,Mantilla,Alianza Social
Bladimir,Arteaga,Alianza Social
Ruth,Arias,Alianza Social
Ruben,Alvarez,Alianza Social
Patricia,Ramirez,Alianza Social
Alejandro,Ojeda,Alianza Social
Ana,Narvaez,Alianza Social
Alberto,Vargas,Alianza Social
Margarita,Bedoya,Alianza Social
Luz,Arango,Alianza Social
Estella,Calderon,Alianza Social
Yaneth,Silva,Alianza Social
Edith,Parra,Alianza Social
Jonathan,Sanchez,Alianza Social
Victoria,Caro,Alianza Social
Angel,Herrera,Alianza Social
Alexis,Acosta,Alianza Social
Omar,Patino,Alianza Social
Ines,Cardona,Alianza Social
Carlos,Gomez,Alianza Social
Alfonso,Mendez,Alianza Social
Marcela,Castro,Alianza Social
Felipe,Munoz,Alianza Social
Efren,Mejia,Alianza Social
Jesus,Gonzalez,Alianza Social
Janneth,Munoz,Alianza Social
Sebastian,Cruz,Alianza Social
Emilio,Jimenez,Alianza Social
Carlos,Torres,Partido Verde Indígena
Carlos,Perez,Partido Verde Indígena
Beatriz,Estrada,Partido Verde Indígena
Alejandra,Torres,Partido Verde Indígena
Alba,Bravo,Partido Verde Indígena
Juan,Gonzalez,Partido Verde Indígena
Maria,Sanchez,Partido Verde Indígena
Juan,Camacho,Partido Verde Indígena
Amparo,Cantillo,Partido Verde Indígena
Juliana,Sanchez,Partido Verde Indígena
Juan,Franco,Partido Verde Indígena
Edgar,Rueda,Partido Verde Indígena
Dayana,Gutierrez,Partido Verde Indígena
Nancy,Medina,Partido Verde Indígena
Marina,Vargas,Partido Verde Indígena
Victoria,Delgado,Partido Verde Indígena
Anderson,Munoz,Partido Verde Indígena
Ana,Vargas,Partido Verde Indígena
Hector,Sandoval,Partido Verde Indígena
Maria,Lopez,Partido Verde Indígena
Cesar,Pulido,Partido Verde Indígena
Ivan,Arango,Partido Verde Indígena
Andres,Murillo,Partido Verde Indígena
Gloria,Rodriguez,Partido Verde Indígena
Jose,Benitez,Partido Verde Indígena
John,Caro,Partido Verde Indígena
Esther,Castillo,Partido Verde Indígena
Maria,Restrepo,Partido Verde Indígena
Elena,Barrera,Partido Verde Indígena
Alexandra,Hernandez,Partido Verde Indígena
Carlos,Pena,Partido Verde Indígena
Lorena,Jimenez,Partido Verde Indígena
Ines,Guerra,Partido Verde Indígena
Nelson,Moreno,Partido Verde Indígena
Marino,Jimenez,Partido Verde Indígena
Alejandra,Ramirez,Partido Verde Indígena
Ignacio,Dominguez,Partido Verde Indígena
Liliana,Erazo,Partido Verde Indígena
Ines,Lopez,Partido Verde Indígena
Jhon,Gomez,Movimiento Independiente
Maria,Rodriguez,Movimiento Independiente
Gallego,Valencia,Movimiento Independiente
Luis,Galeano,Movimiento Independiente
Milena,Tovar,Movimiento Independiente
Amanda,Guerrero,Movimiento Independiente
Ines,Hernandez,Movimiento Independiente
Antonio,Rojas,Movimiento Independiente
Jose,Triana,Movimiento Independiente
Antonio,Gonzalez,Movimiento Independiente
Carlos,Ospina,Movimiento Independiente
Javier,Mosquera,Movimiento Independiente
Maria,Guerrero,Movimiento Independiente
Julio,Ceron,Movimiento Independiente
Karen,Suarez,Movimiento Independiente
Juan,Mora,Movimiento Independiente
Maria,Parada,Movimiento Independiente
Milena,Rodriguez,Movimiento Independiente
Javier,Suarez,Movimiento Independiente
Augusto,Barrios,Movimiento Independiente
Carlos,Ramirez,Movimiento Independiente
Jose,Hoyos,Movimiento Independiente
Consuelo,Sanchez,Movimiento Independiente
Liliana,Serna,Movimiento Independiente
Carolina,Benavides,Movimiento Independiente
Yulieth,Villamizar,Movimiento Independiente
Yohana,Tovar,Movimiento Independiente
Juan,Salazar,Movimiento Independiente
Mirian,Diaz,Movimiento Independiente
Jose,Martinez,Movimiento Independiente
Jorge,Uribe,Movimiento Independiente
Pilar,Guevara,Movimiento Independiente
Lina,Martinez,Movimiento Independiente
Maria,Sanchez,Movimiento Independiente
Alex,Giraldo,Movimiento Independiente
Pablo,Jimenez,Movimiento Independiente
Enrique,Alvarez,Movimiento Independiente
Marco,Mejia,Movimiento Independiente
Claudia,Sarmiento,Movimiento Independiente
Orlando,Garcia,Movimiento Independiente
Diana,Fernandez,Movimiento Independiente
Piedad,Rojas,Movimiento Independiente
German,Delgado,Movimiento Independiente
Estefania,Oviedo,Movimiento Independiente
Virginia,Vargas,Movimiento Independiente
Gloria,Osorio,Movimiento Independiente
Diana,Serrano,Movimiento Independiente
Deisy,Ramirez,Movimiento Independiente
Dario,Martinez,Movimiento Independiente
Wilber,Nunez,Movimiento Independiente
Leidy,Guerrero,Movimiento Independiente
Alex,Carvajal,Movimiento Independiente
Jorge,Vargas,Movimiento Independiente
Alejandra,Montes,Movimiento Independiente
Alexander,Perea,Movimiento Independiente
Esteban,Bohorquez,Movimiento Independiente
Esther,Delgado,Movimiento Independiente
Fredy,Cardona,Movimiento Independiente
Nubia,Espitia,Movimiento Independiente
Esteban,Murillo,Movimiento Independiente
Jose,Barrios,Movimiento Independiente
Silvio,Torres,Movimiento Independiente
German,Vega,Movimiento Independiente
Elena,Marin,Movimiento Independiente
Leon,Cortes,Movimiento Independiente
Julieth,Hernandez,Movimiento Independiente
Myriam,Correa,Movimiento Independiente
Patricia,Torres,Movimiento Independiente
Andrea,Castellanos,Movimiento Independiente
Andres,Lopez,Movimiento Independiente
Jairo,Rosero,Movimiento Independiente
Nicolas,Ramirez,Movimiento Independiente
Edinson,Mora,Movimiento Independiente
Camilo,Hernandez,Movimiento Independiente
Jose,Sanchez,Movimiento Independiente
Mery,Diaz,Movimiento Independiente
Julio,Orozco,Movimiento Independiente
Kevin,Soto,Movimiento Independiente
Leonardo,Carrillo,Movimiento Independiente
Rafael,Marin,Movimiento Independiente
Jhon,Guerrero,Movimiento Independiente
Dina,Lopez,Movimiento Independiente
Alejandra,Nieto,Movimiento Independiente
Johan,Cortes,Movimiento Independiente
Mireya,Gonzalez,Movimiento Independiente
Esteban,Pinzon,Movimiento Independiente
Edwin,Galindo,Partido Progreso
Margarita,Herrera,Partido Progreso
Doris,Lozano,Partido Progreso
Ana,Rico,Partido Progreso
Enrique,Gaviria,Partido Progreso
Zulma,Giraldo,Partido Progreso
Elias,Rueda,Partido Progreso
Gregorio,Valencia,Partido Progreso
Andres,Mosquera,Partido Progreso
Nathalia,Gomez,Partido Progreso
Milena,Leon,Partido Progreso
Aldemar,Rosero,Partido Progreso
Brayan,Henao,Partido Progreso
Olga,Rodriguez,Partido Progreso
Jorge,Alvarez,Partido Progreso
Brayan,Castrillon,Partido Progreso
Edgardo,Ojeda,Partido Progreso
Maria,Salazar,Partido Progreso
Maria,Romero,Partido Progreso
Cecilia,Medina,Partido Progreso
Julian,Tovar,Partido Progreso
Juliana,Galvis,Partido Progreso
Nayibe,Gomez,Partido Progreso
Andres,Rodriguez,Partido Progreso
Martha,Vargas,Partido Progreso
David,Arias,Partido Progreso
Carlos,Rojas,Partido Progreso
Tatiana,Arevalo,Partido Progreso
Ivonne,Ramirez,Partido Progreso
Marcela,Romero,Partido Progreso
Katherine,Angarita,Partido Progreso
Christian,Henao,Partido Progreso
Alexander,Hernandez,Partido Progreso
Norma,Castillo,Partido Progreso
Luis,Zapata,Partido Progreso
Isabel,Herrera,Partido Progreso
Isabel,Sanchez,Partido Progreso
Isabel,Gonzalez,Partido Progreso
Elizabeth,Marin,Partido Progreso
Rocio,Mosquera,Partido Progreso
Maria,Vera,Partido Progreso
Lucia,Castro,Partido Nacional
Nel,Villamizar,Partido Nacional
Emilio,Serna,Partido Nacional
Julian,Ramirez,Partido Nacional
Amparo,Jaimes,Partido Nacional
Maria,Serrano,Partido Nacional
Silvio,Hernandez,Partido Nacional
Camilo,Barrios,Partido Nacional
Juan,Leal,Partido Nacional
Eder,Caicedo,Partido Nacional
Isabel,Diaz,Partido Nacional
Yeison,Aguirre,Partido Nacional
Alexis,Hernandez,Partido Nacional
John,Paz,Partido Nacional
Amalia,Rodriguez,Partido Nacional
Daniel,Erazo,Partido Nacional
Claudia,Bohorquez,Partido Nacional
Andrea,Sierra,Partido Nacional
Nayibe,Vega,Partido Nacional
Johana,Buitrago,Partido Nacional
Jenny,Duarte,Partido Nacional
Luz,Benitez,Partido Nacional
Edgar,Castillo,Partido Nacional
Ruth,Villa,Partido Nacional
Laura,Bedoya,Partido Nacional
Claudia,Pena,Partido Nacional
Juan,Lopez,Partido Nacional
Katherine,Correa,Partido Nacional
Denis,Torres,Partido Nacional
Martha,Ramirez,Partido Nacional
Francisco,Hernandez,Partido Nacional
Jean,Medina,Partido Nacional
Cecilia,Cuesta,Partido Nacional
Cristina,Alvarez,Partido Nacional
Alberto,Alvarez,Partido Nacional
Dario,Garcia,Partido Nacional
Jose,Sanchez,Partido Nacional
Camila,Martinez,Partido Nacional
Yesid,Ortega,Partido Nacional
Helena,Gomez,Partido Nacional
Luz,Duarte,Partido Nacional
Alirio,Leon,Partido Nacional
Luis,Prieto,Partido Nacional
Pedro,Cortes,Partido Nacional
Martha,Escobar,Partido Nacional
Fabian,Franco,Partido Nacional
Laura,Romero,Partido Nacional
Leonardo,Hurtado,Partido Nacional
Yeimy,Caicedo,Partido Nacional
Edwin,Gonzalez,Partido Nacional
Stella,Jaimes,Partido Nacional
Fanny,Orjuela,Partido Nacional
Ramiro,Valencia,Partido Nacional
Ramon,Bedoya,Partido Nacional
Luis,Palacios,Partido Nacional
Dario,Arevalo,Partido Nacional
Jose,Mercado,Partido Nacional
Camilo,Gomez,Partido Nacional
Adriana,Rios,Partido Nacional
Maria,Gomez,Partido Nacional
Alejandro,Vega,Partido Nacional
Dayana,Giraldo,Partido Nacional
Mario,Diaz,Partido Nacional
Nancy,Contreras,Partido Nacional
Alejandro,Murcia,Partido Nacional
Fredy,Arroyo,Partido Nacional
Laura,Rodriguez,Partido Nacional
Luz,Agudelo,Partido Nacional
Alejandra,Gutierrez,Partido Nacional
Deiby,Garzon,Partido Nacional
Ivan,Galindo,Partido Nacional
Andres,Ramirez,Partido Nacional
Hernan,Barrios,Partido Nacional
Sofia,Rodriguez,Partido Nacional
Mary,Miranda,Partido Nacional
Angela,Hernandez,Partido Nacional
Albeiro,Gaitan,Partido Nacional
Liliana,Bejarano,Partido Nacional
Reinaldo,Acevedo,Partido Nacional
Andres,Martinez,Partido Nacional
Felipe,Rojas,Partido Nacional
Bibiana,Sandoval,Partido Nacional
William,Diaz,Partido Nacional
Patricia,Cano,Partido Nacional
Lina,Sanabria,Partido Nacional
Gloria,Ramirez,Partido Nacional
Julio,Hoyos,Partido Nacional
Emerson,Cardona,Partido Nacional
Andrea,Arias,Partido Nacional
Alvaro,Cifuentes,Partido Nacional
Olga,Zapata,Partido Nacional
Marisol,Quiroz,Partido Nacional
Dora,Vargas,Partido Nacional
Carlos,Diaz,Partido Nacional
Luz,Martinez,Partido Nacional
Andres,Perez,Partido Nacional
Oswaldo,Sanchez,Partido Nacional
Kelly,Velasco,Partido Nacional
Antonio,Velasquez,Partido Nacional
Edwar,Pineda,Movimiento Indígena
Yesid,Diaz,Movimiento Indígena
Luz,Palacios,Movimiento Indígena
Diana,Londono,Movimiento Indígena
Eduardo,Galeano,Movimiento Indígena
Edwin,Leon,Movimiento Indígena
Manuel,Suarez,Movimiento Indígena
Mary,Solano,Movimiento Indígena
Uriel,Vargas,Movimiento Indígena
Cecilia,Martinez,Movimiento Indígena
Javier,Murillo,Movimiento Indígena
Nelsy,Rojas,Movimiento Indígena
Rodrigo,Figueroa,Movimiento Indígena
Andres,Nino,Movimiento Indígena
Ever,Martinez,Movimiento Indígena
Sandra,Cruz,Movimiento Indígena
Sofia,Espitia,Movimiento Indígena
Luis,Navarro,Movimiento Indígena
Moises,Perez,Movimiento Indígena
Candelaria,Sandoval,Movimiento Indígena
Andres,Portilla,Movimiento Indígena
Carolina,Martinez,Movimiento Indígena
Wilson,Osorio,Movimiento Indígena
Fernanda,Prieto,Movimiento Indígena
Angela,Marin,Movimiento Indígena
